{
    "spearman_correlation": -0.20700050831175662,
    "p_value": 0.3812110270521194
}