{
    "spearman_correlation": 0.7766726403261695,
    "p_value": 3.841561253187818e-09
}