{
    "spearman_correlation": 0.6363636363636362,
    "p_value": 0.04791172612997547
}