Predictor,Mean Weight,SE Weight
Irregularity,0.0346441011864347,0.02197475029358682
Disorganized,0.06763008014882159,0.02916355435104078
Asymmetry,0.0,0.0
Chaotic,0.4336004441328756,0.07183610131252285
Randomness,0.0,0.0
Variability,0.0,0.0
Multicolored,0.0,0.0
Heterogeneity,0.0,0.0
Grainy,0.0,0.0
Isotropy,0.0,0.0
Cluttered,0.28368081437944614,0.0314664457749734
Ambiguity,0.0,0.0
Intricate,0.1804445601524221,0.05106863831676772
