Predictor,Mean Weight,SE Weight
Irregularity,0.19794162687175626,
Disorganized,0.0,
Asymmetry,0.0,
Chaotic,0.016343431196915784,
Randomness,0.0,
Variability,0.0,
Multicolored,0.11758327492639442,
Heterogeneity,0.0,
Grainy,0.16087573123472168,
Isotropy,0.0440352021781454,
Cluttered,0.2598147235161874,
Ambiguity,0.0,
Intricate,0.20340601007587908,
