{
    "spearman_correlation": 0.6361164066071299,
    "p_value": 1.0271558662574582e-05
}