{
    "spearman_correlation": 0.5818984032708452,
    "p_value": 8.201890952269388e-05
}