Predictor,Weight
Irregularity,0.0
Disorganized,0.18156437130721212
Asymmetry,0.18156437130721212
Chaotic,0.18156437130721212
Randomness,0.0
Variability,0.0
Multicolored,0.18156437130721212
Heterogeneity,0.0
Grainy,0.0
Isotropy,0.09217814346393945
Cluttered,0.0
Ambiguity,0.0
Intricate,0.18156437130721212
