{
    "spearman_correlation": 0.7822490210961238,
    "p_value": 4.596008952647563e-05
}