{
    "spearman_correlation": 0.7348069870123635,
    "p_value": 6.724255195068847e-08
}