{
    "spearman_correlation": 0.6427837028677006,
    "p_value": 7.736591479170445e-06
}