{
    "spearman_correlation": 0.47518796992481205,
    "p_value": 0.03422725114507126
}