Predictor,Weight
Irregularity,0.0
Disorganized,0.0
Asymmetry,0.007021439516476694
Chaotic,0.19806214685911466
Randomness,0.0
Variability,0.23905305143421532
Multicolored,0.2037568015435931
Heterogeneity,0.0
Grainy,0.0
Isotropy,0.0
Cluttered,0.11305350921238487
Ambiguity,0.0
Intricate,0.23905305143421532
