Predictor,Mean Weight,SE Weight
Irregularity,0.0,0.0
Disorganized,0.20179297841434735,0.013668299850491615
Asymmetry,0.20179297841434735,0.013668299850491615
Chaotic,0.16176307501597556,0.014663358157338125
Randomness,0.0,0.0
Variability,0.0,0.0
Multicolored,0.17457986631909853,0.016178151389643937
Heterogeneity,0.0,0.0
Grainy,0.0,0.0
Isotropy,0.10404942775155687,0.03672342489736475
Cluttered,0.0,0.0
Ambiguity,0.0,0.0
Intricate,0.1560216740846744,0.04275567634445956
