Predictor,Mean Weight,SE Weight
Irregularity,0.0,0.0
Disorganized,0.0,0.0
Asymmetry,0.0014042879032953389,0.0014042879032953389
Chaotic,0.2786615673947385,0.036185248553132474
Randomness,0.0,0.0
Variability,0.10919795638233817,0.04873938888795107
Multicolored,0.1864632150554706,0.028151631909402543
Heterogeneity,0.0,0.0
Grainy,0.0,0.0
Isotropy,0.0,0.0
Cluttered,0.12336518243111587,0.007491017290604008
Ambiguity,0.0,0.0
Intricate,0.3009077908330415,0.026527996239290627
