{
    "spearman_correlation": 0.9483326481409007,
    "p_value": 2.9285883237761186e-05
}