Predictor,Weight
Irregularity,0.20108142183392147
Disorganized,0.0
Asymmetry,0.0
Chaotic,0.08171715598457892
Randomness,0.0
Variability,0.0
Multicolored,0.11395715667973534
Heterogeneity,0.0
Grainy,0.20108142183392147
Isotropy,0.0
Cluttered,0.20108142183392147
Ambiguity,0.0
Intricate,0.20108142183392147
