Predictor,Weight
Irregularity,0.19889103626134716
Disorganized,0.0
Asymmetry,0.0
Chaotic,0.0
Randomness,0.0
Variability,0.0
Multicolored,0.08463283849365677
Heterogeneity,0.0
Grainy,0.16789746828445273
Isotropy,0.10099677110482229
Cluttered,0.29188603928176765
Ambiguity,0.0
Intricate,0.15569584657395338
