{
    "spearman_correlation": 0.2796992481203007,
    "best_val_loss": 462.9422302246094
}