Predictor,Weight
Irregularity,0.0
Disorganized,0.0
Asymmetry,0.0
Chaotic,0.19932337742778722
Randomness,0.19932337742778722
Variability,0.19932337742778722
Multicolored,0.0
Heterogeneity,0.0
Grainy,0.10780235842626253
Isotropy,0.0
Cluttered,0.09490413186258854
Ambiguity,0.0
Intricate,0.19932337742778722
