{
    "spearman_correlation": 0.7717187458121376,
    "best_val_loss": 337.677734375
}