{
    "spearman_correlation": 0.6205602549314787,
    "p_value": 1.9400822677188624e-05
}