{
    "spearman_correlation": 0.515768807151747,
    "p_value": 0.000658584041667843
}