Predictor,Weight
Irregularity,0.0
Disorganized,0.20521067736653162
Asymmetry,0.20521067736653162
Chaotic,0.12256438218142289
Randomness,0.0
Variability,0.0
Multicolored,0.20521067736653162
Heterogeneity,0.0
Grainy,0.0
Isotropy,0.05659290835245079
Cluttered,0.0
Ambiguity,0.0
Intricate,0.20521067736653162
