{
    "learning_rate": 0.007030687051361586,
    "weight_decay": 1.2890015522930213e-05,
    "batch_size": 32,
    "num_heads": 2,
    "hidden_dim": 128,
    "ffn_dim": 128,
    "dropout": 0.00960993937876381
}