{
    "spearman_correlation": 0.6255989815200325,
    "p_value": 1.5848913341579354e-05
}