Predictor,Mean Weight,SE Weight
Irregularity,0.0,0.0
Disorganized,0.12096740216265892,0.04301472662705816
Asymmetry,0.13123176941428663,0.026660627574992785
Chaotic,0.2622238319081009,0.009806355478715651
Randomness,0.0,0.0
Variability,0.0,0.0
Multicolored,0.2233531646068526,0.017950407951483675
Heterogeneity,0.0,0.0
Grainy,0.0,0.0
Isotropy,0.0,0.0
Cluttered,0.0,0.0
Ambiguity,0.0,0.0
Intricate,0.2622238319081009,0.009806355478715651
