{
    "spearman_correlation": -0.1482876368633311,
    "best_val_loss": 292.3615417480469
}