{
    "spearman_correlation": 0.7670076310288882,
    "p_value": 7.836231429624932e-09
}