{
    "spearman_correlation": 0.6158682826425668,
    "p_value": 2.334719668247721e-05
}