{
    "spearman_correlation": 0.7807075471201799,
    "p_value": 2.8229419795961447e-09
}