Predictor,Weight
Irregularity,0.0
Disorganized,0.17687532960787078
Asymmetry,0.17687532960787078
Chaotic,0.17687532960787078
Randomness,0.0
Variability,0.0
Multicolored,0.17687532960787078
Heterogeneity,0.0
Grainy,0.0
Isotropy,0.11562335196064605
Cluttered,0.0
Ambiguity,0.0
Intricate,0.17687532960787078
