{
    "spearman_correlation": 0.5280646604250644,
    "p_value": 0.0004616054547947461
}