{
    "spearman_correlation": 0.764949283129575,
    "p_value": 8.538090107569157e-05
}