Predictor,Mean Weight,SE Weight
Irregularity,0.0,0.0
Disorganized,0.10883082117080463,0.028009608474055765
Asymmetry,0.14747502309467203,0.022148782697580686
Chaotic,0.258514569988703,0.00693527086166511
Randomness,0.0,0.0
Variability,0.0,0.0
Multicolored,0.22666501575711734,0.01588380091535076
Heterogeneity,0.0,0.0
Grainy,0.0,0.0
Isotropy,0.0,0.0
Cluttered,0.0,0.0
Ambiguity,0.0,0.0
Intricate,0.258514569988703,0.00693527086166511
