{
    "spearman_correlation": 0.4753667128199522,
    "best_val_loss": 351.42724609375
}