{
    "spearman_correlation": 0.7103887861078411,
    "best_val_loss": 290.16522216796875
}