Predictor,Weight
Irregularity,0.0
Disorganized,0.17723779958586616
Asymmetry,0.17723779958586616
Chaotic,0.17723779958586616
Randomness,0.0
Variability,0.0
Multicolored,0.1646878933057339
Heterogeneity,0.0
Grainy,0.0
Isotropy,0.12636090835080147
Cluttered,0.0
Ambiguity,0.0
Intricate,0.17723779958586616
