{
    "spearman_correlation": 0.5514361677919043,
    "p_value": 0.00022602967431859563
}