{
    "spearman_correlation": 0.6848484848484848,
    "best_val_loss": 442.44512939453125
}