Predictor,Weight
Irregularity,0.0
Disorganized,0.0
Asymmetry,0.0
Chaotic,0.06795024903133741
Randomness,0.11052729727389503
Variability,0.0
Multicolored,0.24188741959769464
Heterogeneity,0.0
Grainy,0.09586019490168361
Isotropy,0.0
Cluttered,0.24188741959769464
Ambiguity,0.0
Intricate,0.24188741959769464
