{
    "spearman_correlation": 0.7387621827913676,
    "p_value": 2.3279908084435564e-08
}