{
    "spearman_correlation": 0.7648412488394111,
    "p_value": 9.151355940099019e-09
}