{
    "spearman_correlation": 0.7470084058796016,
    "p_value": 3.0921237592380197e-08
}