{
    "spearman_correlation": 0.06079055436800646,
    "best_val_loss": 259.53155517578125
}