Predictor,Weight
Irregularity,0.0
Disorganized,0.05515030763090571
Asymmetry,0.04488210322335882
Chaotic,0.2637714268201438
Randomness,0.0
Variability,0.08897304924234231
Multicolored,0.2637714268201438
Heterogeneity,0.0
Grainy,0.0
Isotropy,0.019680259442961635
Cluttered,0.0
Ambiguity,0.0
Intricate,0.2637714268201438
