Predictor,Weight
Irregularity,0.0
Disorganized,0.056471308936505316
Asymmetry,0.05533707580891741
Chaotic,0.2220479038136443
Randomness,0.0
Variability,0.0
Multicolored,0.2220479038136443
Heterogeneity,0.0
Grainy,0.0
Isotropy,0.2220479038136443
Cluttered,0.0
Ambiguity,0.0
Intricate,0.2220479038136443
